<?xml version="1.0" encoding="UTF-8"?>
<!DOCTYPE suite SYSTEM "http://testng.org/testng-1.0.dtd">
<suite name="SonyLivSuite" thread-count="2" parallel="none">
	<!-- <test name="ChromeTest"> <parameter name="browser" value="Chrome" /> 
		<classes> <class name="com.homepage.OpenBrowser"> </class> </classes> </test> 
		<test name="FirefoxTest"> <parameter name="browser" value="Firefox" /> <classes> 
		<class name="com.homepage.OpenBrowser"> </class> </classes> </test> <test 
		name="SafariTest"> <parameter name="browser" value="Safari" /> <classes> 
		<class name="com.homepage.OpenBrowser"> </class> </classes> </test> <test 
		name="IETest"> <parameter name="browser" value="IE" /> <classes> <class name="com.homepage.OpenBrowser"> 
		</class> </classes> </test> -->
	<test name="Browsers">
		<classes>
			<class name="com.homepage.Browsers">
			</class>
		</classes>
	</test>
	<!-- <test name="RegisterAsGuest">
		<classes>
			<class name="com.homepage.RegisterContinueAsGuest">
			</class>
		</classes>
	</test>
	<test name="SeeAll">
		<classes>
			<class name="com.homepage.SeeAll">
			</class>
		</classes>
	</test>
	<test name="RegisterAsContinue">
		<classes>
			<class name="com.homepage.RegisterSignInAndContinue">
			</class>
		</classes>
	</test>
	<test name="Premium">
		<classes>
			<class name="com.homepage.Premium">
			</class>
		</classes>
	</test> -->
	<test name="ShareOnMouseHover">
		<classes>
			<class name="com.homepage.ShareOnMouseHover">
			</class>
		</classes>
	</test>
	
</suite>